,Sentence,Lex_set,Condition,Subj_id,Score
0,統計的機械学習での分析が応用可能で、より精度の高いデータと統計的モデリングが,1,1,1,6
1,統計的機械学習での誤差は、計算モデルによって測定される。誤差関数formula_13は,1,2,1,5
2,統計的機械学習での標本化の手法は、次のようになる。これは、与えられた条件下で学習,1,3,1,3
3,統計的機械学習での学習には、特定の神経細胞領域がどのように機能するかに関する実験的モデル,1,4,1,1
4,世界中の商品情報を、業界の実情や背景を踏まえて発信し、消費者に新たな可能性を提供するための広報,2,1,1,7
5,世界中の商品情報を発信するために日本を代表するローカル紙「週刊東洋経済」を発行していた。創刊当初から、,2,2,1,6
6,世界中の商品情報をまとめ、それらを雑誌に載せるといった、いわば「パワフル雑誌」となっている,2,3,1,1
7,世界中の商品情報を発信するとともに、各都道府県の情報を提供している。また、各種地域情報を発信するため、全国,2,4,1,1
8,情報流通を促進することを目的としている。全国経済産業団体連合会の傘下に入っている。経済産業省と経済産業省資源エネルギー庁,3,1,1,7
9,情報流通を促進するための新たな政策、例えばインターネット普及の促進のための新たな政策、たとえば、通信技術,3,2,1,5
10,情報流通を促進するために、情報流通業者(情報流通エージェントなど)を育成することを目指している。また,3,3,1,1
11,情報流通を促進するためには、販売流通機構の確立が必要である。その第1段階が流通機構,3,4,1,3
12,私たちの強みは、より人間的(すなわち人間の脳)である」という言葉を引用。,4,1,1,6
13,私たちの強みは他者の強みであった。この強みは相手を「強み,4,2,1,5
14,私たちの強みは、他者の弱みである」と教えていた。この主張は後の,4,3,1,3
15,私たちの強みは、その強さであった」 と表現している。「その能力は、,4,4,1,4
16,チームワークを意識して、練習には4年振り(2021年8月時点)の現役復帰,5,1,1,6
17,チームワークを意識して、練習に打ち込めた。小学校の1年でサッカーを始め、中学からは,5,2,1,5
18,チームワークを意識して作られた。2019年7月23日、本作の主要撮影がシカゴで始まった,5,3,1,4
19,チームワークを意識して、「」という曲が生まれた。『Inner Red』は、「」という,5,4,1,2
20,インターネットの配信に使用しているドメインである。2018年4月現在、ユーザーは50.1%がこの,6,1,1,7
21,インターネットのゲーム『ファイナルファンタジーXII』のシナリオライターを務めた。同作者の漫画『ファイナルファンタジーXII,6,2,1,5
22,インターネットのニュースサイトを介した報道を行える「ニュースサイト ニュースサイト フォーチュン,6,3,1,3
23,インターネットのメディアサイト(YouTube)で1位を獲得した。2019年2月、S.I.,6,4,1,2
24,会社でトラブルの原因を追及していた。しかし、この事故は、ボーイングが事故機について検査,7,1,1,7
25,会社でトラブルの原因を解明した後、アメリカへ渡った。2013年の秋、サメの,7,2,1,5
26,会社でトラブルの原因を尋ねられていた。その調査を進めるうちに、大勢の人間が消えた。しかも,7,3,1,2
27,会社でトラブルの原因を究明する作業員と、その社員が協力して、2人の男性,7,4,1,1
28,最新のニュース映像やイベント、CMなども放送。2018年8月からは、平日朝7:30 - 8,8,1,1,6
29,最新のニュース映像や映像を提供。2019年10月からは、ニュースルームで「Live News Network,8,2,1,5
30,最新のニュース映像や番組が放送されるが、番組本編ではノンスクランブルかつ完全ノンスクランブルで放送される,8,3,1,3
31,最新のニュース映像やライブステージなどのほか、音楽シーンや番組独自のコーナーも多数放送する。2020,8,4,1,3
32,統計的機械学習での分析が応用可能で、より精度の高いデータと統計的モデリングが,1,1,2,7
33,統計的機械学習での誤差は、計算モデルによって測定される。誤差関数formula_13は,1,2,2,7
34,統計的機械学習での標本化の手法は、次のようになる。これは、与えられた条件下で学習,1,3,2,3
35,統計的機械学習での学習には、特定の神経細胞領域がどのように機能するかに関する実験的モデル,1,4,2,2
36,世界中の商品情報を、業界の実情や背景を踏まえて発信し、消費者に新たな可能性を提供するための広報,2,1,2,5
37,世界中の商品情報を発信するために日本を代表するローカル紙「週刊東洋経済」を発行していた。創刊当初から、,2,2,2,5
38,世界中の商品情報をまとめ、それらを雑誌に載せるといった、いわば「パワフル雑誌」となっている,2,3,2,1
39,世界中の商品情報を発信するとともに、各都道府県の情報を提供している。また、各種地域情報を発信するため、全国,2,4,2,4
40,情報流通を促進することを目的としている。全国経済産業団体連合会の傘下に入っている。経済産業省と経済産業省資源エネルギー庁,3,1,2,6
41,情報流通を促進するための新たな政策、例えばインターネット普及の促進のための新たな政策、たとえば、通信技術,3,2,2,5
42,情報流通を促進するために、情報流通業者(情報流通エージェントなど)を育成することを目指している。また,3,3,2,2
43,情報流通を促進するためには、販売流通機構の確立が必要である。その第1段階が流通機構,3,4,2,3
44,私たちの強みは、より人間的(すなわち人間の脳)である」という言葉を引用。,4,1,2,7
45,私たちの強みは他者の強みであった。この強みは相手を「強み,4,2,2,6
46,私たちの強みは、他者の弱みである」と教えていた。この主張は後の,4,3,2,2
47,私たちの強みは、その強さであった」 と表現している。「その能力は、,4,4,2,3
48,チームワークを意識して、練習には4年振り(2021年8月時点)の現役復帰,5,1,2,5
49,チームワークを意識して、練習に打ち込めた。小学校の1年でサッカーを始め、中学からは,5,2,2,5
50,チームワークを意識して作られた。2019年7月23日、本作の主要撮影がシカゴで始まった,5,3,2,2
51,チームワークを意識して、「」という曲が生まれた。『Inner Red』は、「」という,5,4,2,1
52,インターネットの配信に使用しているドメインである。2018年4月現在、ユーザーは50.1%がこの,6,1,2,6
53,インターネットのゲーム『ファイナルファンタジーXII』のシナリオライターを務めた。同作者の漫画『ファイナルファンタジーXII,6,2,2,5
54,インターネットのニュースサイトを介した報道を行える「ニュースサイト ニュースサイト フォーチュン,6,3,2,2
55,インターネットのメディアサイト(YouTube)で1位を獲得した。2019年2月、S.I.,6,4,2,1
56,会社でトラブルの原因を追及していた。しかし、この事故は、ボーイングが事故機について検査,7,1,2,7
57,会社でトラブルの原因を解明した後、アメリカへ渡った。2013年の秋、サメの,7,2,2,5
58,会社でトラブルの原因を尋ねられていた。その調査を進めるうちに、大勢の人間が消えた。しかも,7,3,2,2
59,会社でトラブルの原因を究明する作業員と、その社員が協力して、2人の男性,7,4,2,4
60,最新のニュース映像やイベント、CMなども放送。2018年8月からは、平日朝7:30 - 8,8,1,2,7
61,最新のニュース映像や映像を提供。2019年10月からは、ニュースルームで「Live News Network,8,2,2,5
62,最新のニュース映像や番組が放送されるが、番組本編ではノンスクランブルかつ完全ノンスクランブルで放送される,8,3,2,3
63,最新のニュース映像やライブステージなどのほか、音楽シーンや番組独自のコーナーも多数放送する。2020,8,4,2,2
64,統計的機械学習での分析が応用可能で、より精度の高いデータと統計的モデリングが,1,1,3,6
65,統計的機械学習での誤差は、計算モデルによって測定される。誤差関数formula_13は,1,2,3,5
66,統計的機械学習での標本化の手法は、次のようになる。これは、与えられた条件下で学習,1,3,3,2
67,統計的機械学習での学習には、特定の神経細胞領域がどのように機能するかに関する実験的モデル,1,4,3,4
68,世界中の商品情報を、業界の実情や背景を踏まえて発信し、消費者に新たな可能性を提供するための広報,2,1,3,5
69,世界中の商品情報を発信するために日本を代表するローカル紙「週刊東洋経済」を発行していた。創刊当初から、,2,2,3,7
70,世界中の商品情報をまとめ、それらを雑誌に載せるといった、いわば「パワフル雑誌」となっている,2,3,3,3
71,世界中の商品情報を発信するとともに、各都道府県の情報を提供している。また、各種地域情報を発信するため、全国,2,4,3,1
72,情報流通を促進することを目的としている。全国経済産業団体連合会の傘下に入っている。経済産業省と経済産業省資源エネルギー庁,3,1,3,5
73,情報流通を促進するための新たな政策、例えばインターネット普及の促進のための新たな政策、たとえば、通信技術,3,2,3,5
74,情報流通を促進するために、情報流通業者(情報流通エージェントなど)を育成することを目指している。また,3,3,3,3
75,情報流通を促進するためには、販売流通機構の確立が必要である。その第1段階が流通機構,3,4,3,1
76,私たちの強みは、より人間的(すなわち人間の脳)である」という言葉を引用。,4,1,3,5
77,私たちの強みは他者の強みであった。この強みは相手を「強み,4,2,3,5
78,私たちの強みは、他者の弱みである」と教えていた。この主張は後の,4,3,3,4
79,私たちの強みは、その強さであった」 と表現している。「その能力は、,4,4,3,4
80,チームワークを意識して、練習には4年振り(2021年8月時点)の現役復帰,5,1,3,5
81,チームワークを意識して、練習に打ち込めた。小学校の1年でサッカーを始め、中学からは,5,2,3,7
82,チームワークを意識して作られた。2019年7月23日、本作の主要撮影がシカゴで始まった,5,3,3,2
83,チームワークを意識して、「」という曲が生まれた。『Inner Red』は、「」という,5,4,3,4
84,インターネットの配信に使用しているドメインである。2018年4月現在、ユーザーは50.1%がこの,6,1,3,5
85,インターネットのゲーム『ファイナルファンタジーXII』のシナリオライターを務めた。同作者の漫画『ファイナルファンタジーXII,6,2,3,5
86,インターネットのニュースサイトを介した報道を行える「ニュースサイト ニュースサイト フォーチュン,6,3,3,3
87,インターネットのメディアサイト(YouTube)で1位を獲得した。2019年2月、S.I.,6,4,3,1
88,会社でトラブルの原因を追及していた。しかし、この事故は、ボーイングが事故機について検査,7,1,3,5
89,会社でトラブルの原因を解明した後、アメリカへ渡った。2013年の秋、サメの,7,2,3,5
90,会社でトラブルの原因を尋ねられていた。その調査を進めるうちに、大勢の人間が消えた。しかも,7,3,3,2
91,会社でトラブルの原因を究明する作業員と、その社員が協力して、2人の男性,7,4,3,2
92,最新のニュース映像やイベント、CMなども放送。2018年8月からは、平日朝7:30 - 8,8,1,3,7
93,最新のニュース映像や映像を提供。2019年10月からは、ニュースルームで「Live News Network,8,2,3,5
94,最新のニュース映像や番組が放送されるが、番組本編ではノンスクランブルかつ完全ノンスクランブルで放送される,8,3,3,1
95,最新のニュース映像やライブステージなどのほか、音楽シーンや番組独自のコーナーも多数放送する。2020,8,4,3,4
96,統計的機械学習での分析が応用可能で、より精度の高いデータと統計的モデリングが,1,1,4,7
97,統計的機械学習での誤差は、計算モデルによって測定される。誤差関数formula_13は,1,2,4,7
98,統計的機械学習での標本化の手法は、次のようになる。これは、与えられた条件下で学習,1,3,4,2
99,統計的機械学習での学習には、特定の神経細胞領域がどのように機能するかに関する実験的モデル,1,4,4,2
100,世界中の商品情報を、業界の実情や背景を踏まえて発信し、消費者に新たな可能性を提供するための広報,2,1,4,5
101,世界中の商品情報を発信するために日本を代表するローカル紙「週刊東洋経済」を発行していた。創刊当初から、,2,2,4,6
102,世界中の商品情報をまとめ、それらを雑誌に載せるといった、いわば「パワフル雑誌」となっている,2,3,4,2
103,世界中の商品情報を発信するとともに、各都道府県の情報を提供している。また、各種地域情報を発信するため、全国,2,4,4,3
104,情報流通を促進することを目的としている。全国経済産業団体連合会の傘下に入っている。経済産業省と経済産業省資源エネルギー庁,3,1,4,6
105,情報流通を促進するための新たな政策、例えばインターネット普及の促進のための新たな政策、たとえば、通信技術,3,2,4,6
106,情報流通を促進するために、情報流通業者(情報流通エージェントなど)を育成することを目指している。また,3,3,4,1
107,情報流通を促進するためには、販売流通機構の確立が必要である。その第1段階が流通機構,3,4,4,3
108,私たちの強みは、より人間的(すなわち人間の脳)である」という言葉を引用。,4,1,4,7
109,私たちの強みは他者の強みであった。この強みは相手を「強み,4,2,4,6
110,私たちの強みは、他者の弱みである」と教えていた。この主張は後の,4,3,4,4
111,私たちの強みは、その強さであった」 と表現している。「その能力は、,4,4,4,3
112,チームワークを意識して、練習には4年振り(2021年8月時点)の現役復帰,5,1,4,6
113,チームワークを意識して、練習に打ち込めた。小学校の1年でサッカーを始め、中学からは,5,2,4,7
114,チームワークを意識して作られた。2019年7月23日、本作の主要撮影がシカゴで始まった,5,3,4,3
115,チームワークを意識して、「」という曲が生まれた。『Inner Red』は、「」という,5,4,4,4
116,インターネットの配信に使用しているドメインである。2018年4月現在、ユーザーは50.1%がこの,6,1,4,6
117,インターネットのゲーム『ファイナルファンタジーXII』のシナリオライターを務めた。同作者の漫画『ファイナルファンタジーXII,6,2,4,5
118,インターネットのニュースサイトを介した報道を行える「ニュースサイト ニュースサイト フォーチュン,6,3,4,4
119,インターネットのメディアサイト(YouTube)で1位を獲得した。2019年2月、S.I.,6,4,4,4
120,会社でトラブルの原因を追及していた。しかし、この事故は、ボーイングが事故機について検査,7,1,4,7
121,会社でトラブルの原因を解明した後、アメリカへ渡った。2013年の秋、サメの,7,2,4,6
122,会社でトラブルの原因を尋ねられていた。その調査を進めるうちに、大勢の人間が消えた。しかも,7,3,4,3
123,会社でトラブルの原因を究明する作業員と、その社員が協力して、2人の男性,7,4,4,4
124,最新のニュース映像やイベント、CMなども放送。2018年8月からは、平日朝7:30 - 8,8,1,4,7
125,最新のニュース映像や映像を提供。2019年10月からは、ニュースルームで「Live News Network,8,2,4,5
126,最新のニュース映像や番組が放送されるが、番組本編ではノンスクランブルかつ完全ノンスクランブルで放送される,8,3,4,4
127,最新のニュース映像やライブステージなどのほか、音楽シーンや番組独自のコーナーも多数放送する。2020,8,4,4,2
128,統計的機械学習での分析が応用可能で、より精度の高いデータと統計的モデリングが,1,1,5,5
129,統計的機械学習での誤差は、計算モデルによって測定される。誤差関数formula_13は,1,2,5,7
130,統計的機械学習での標本化の手法は、次のようになる。これは、与えられた条件下で学習,1,3,5,3
131,統計的機械学習での学習には、特定の神経細胞領域がどのように機能するかに関する実験的モデル,1,4,5,2
132,世界中の商品情報を、業界の実情や背景を踏まえて発信し、消費者に新たな可能性を提供するための広報,2,1,5,7
133,世界中の商品情報を発信するために日本を代表するローカル紙「週刊東洋経済」を発行していた。創刊当初から、,2,2,5,5
134,世界中の商品情報をまとめ、それらを雑誌に載せるといった、いわば「パワフル雑誌」となっている,2,3,5,2
135,世界中の商品情報を発信するとともに、各都道府県の情報を提供している。また、各種地域情報を発信するため、全国,2,4,5,3
136,情報流通を促進することを目的としている。全国経済産業団体連合会の傘下に入っている。経済産業省と経済産業省資源エネルギー庁,3,1,5,6
137,情報流通を促進するための新たな政策、例えばインターネット普及の促進のための新たな政策、たとえば、通信技術,3,2,5,5
138,情報流通を促進するために、情報流通業者(情報流通エージェントなど)を育成することを目指している。また,3,3,5,1
139,情報流通を促進するためには、販売流通機構の確立が必要である。その第1段階が流通機構,3,4,5,2
140,私たちの強みは、より人間的(すなわち人間の脳)である」という言葉を引用。,4,1,5,6
141,私たちの強みは他者の強みであった。この強みは相手を「強み,4,2,5,7
142,私たちの強みは、他者の弱みである」と教えていた。この主張は後の,4,3,5,1
143,私たちの強みは、その強さであった」 と表現している。「その能力は、,4,4,5,4
144,チームワークを意識して、練習には4年振り(2021年8月時点)の現役復帰,5,1,5,5
145,チームワークを意識して、練習に打ち込めた。小学校の1年でサッカーを始め、中学からは,5,2,5,6
146,チームワークを意識して作られた。2019年7月23日、本作の主要撮影がシカゴで始まった,5,3,5,3
147,チームワークを意識して、「」という曲が生まれた。『Inner Red』は、「」という,5,4,5,4
148,インターネットの配信に使用しているドメインである。2018年4月現在、ユーザーは50.1%がこの,6,1,5,6
149,インターネットのゲーム『ファイナルファンタジーXII』のシナリオライターを務めた。同作者の漫画『ファイナルファンタジーXII,6,2,5,6
150,インターネットのニュースサイトを介した報道を行える「ニュースサイト ニュースサイト フォーチュン,6,3,5,4
151,インターネットのメディアサイト(YouTube)で1位を獲得した。2019年2月、S.I.,6,4,5,2
152,会社でトラブルの原因を追及していた。しかし、この事故は、ボーイングが事故機について検査,7,1,5,6
153,会社でトラブルの原因を解明した後、アメリカへ渡った。2013年の秋、サメの,7,2,5,6
154,会社でトラブルの原因を尋ねられていた。その調査を進めるうちに、大勢の人間が消えた。しかも,7,3,5,1
155,会社でトラブルの原因を究明する作業員と、その社員が協力して、2人の男性,7,4,5,1
156,最新のニュース映像やイベント、CMなども放送。2018年8月からは、平日朝7:30 - 8,8,1,5,7
157,最新のニュース映像や映像を提供。2019年10月からは、ニュースルームで「Live News Network,8,2,5,6
158,最新のニュース映像や番組が放送されるが、番組本編ではノンスクランブルかつ完全ノンスクランブルで放送される,8,3,5,
159,最新のニュース映像やライブステージなどのほか、音楽シーンや番組独自のコーナーも多数放送する。2020,8,4,5,3
160,統計的機械学習での分析が応用可能で、より精度の高いデータと統計的モデリングが,1,1,6,5
161,統計的機械学習での誤差は、計算モデルによって測定される。誤差関数formula_13は,1,2,6,7
162,統計的機械学習での標本化の手法は、次のようになる。これは、与えられた条件下で学習,1,3,6,2
163,統計的機械学習での学習には、特定の神経細胞領域がどのように機能するかに関する実験的モデル,1,4,6,1
164,世界中の商品情報を、業界の実情や背景を踏まえて発信し、消費者に新たな可能性を提供するための広報,2,1,6,7
165,世界中の商品情報を発信するために日本を代表するローカル紙「週刊東洋経済」を発行していた。創刊当初から、,2,2,6,6
166,世界中の商品情報をまとめ、それらを雑誌に載せるといった、いわば「パワフル雑誌」となっている,2,3,6,4
167,世界中の商品情報を発信するとともに、各都道府県の情報を提供している。また、各種地域情報を発信するため、全国,2,4,6,4
168,情報流通を促進することを目的としている。全国経済産業団体連合会の傘下に入っている。経済産業省と経済産業省資源エネルギー庁,3,1,6,6
169,情報流通を促進するための新たな政策、例えばインターネット普及の促進のための新たな政策、たとえば、通信技術,3,2,6,5
170,情報流通を促進するために、情報流通業者(情報流通エージェントなど)を育成することを目指している。また,3,3,6,4
171,情報流通を促進するためには、販売流通機構の確立が必要である。その第1段階が流通機構,3,4,6,1
172,私たちの強みは、より人間的(すなわち人間の脳)である」という言葉を引用。,4,1,6,5
173,私たちの強みは他者の強みであった。この強みは相手を「強み,4,2,6,5
174,私たちの強みは、他者の弱みである」と教えていた。この主張は後の,4,3,6,2
175,私たちの強みは、その強さであった」 と表現している。「その能力は、,4,4,6,1
176,チームワークを意識して、練習には4年振り(2021年8月時点)の現役復帰,5,1,6,7
177,チームワークを意識して、練習に打ち込めた。小学校の1年でサッカーを始め、中学からは,5,2,6,5
178,チームワークを意識して作られた。2019年7月23日、本作の主要撮影がシカゴで始まった,5,3,6,2
179,チームワークを意識して、「」という曲が生まれた。『Inner Red』は、「」という,5,4,6,3
180,インターネットの配信に使用しているドメインである。2018年4月現在、ユーザーは50.1%がこの,6,1,6,5
181,インターネットのゲーム『ファイナルファンタジーXII』のシナリオライターを務めた。同作者の漫画『ファイナルファンタジーXII,6,2,6,5
182,インターネットのニュースサイトを介した報道を行える「ニュースサイト ニュースサイト フォーチュン,6,3,6,2
183,インターネットのメディアサイト(YouTube)で1位を獲得した。2019年2月、S.I.,6,4,6,3
184,会社でトラブルの原因を追及していた。しかし、この事故は、ボーイングが事故機について検査,7,1,6,6
185,会社でトラブルの原因を解明した後、アメリカへ渡った。2013年の秋、サメの,7,2,6,7
186,会社でトラブルの原因を尋ねられていた。その調査を進めるうちに、大勢の人間が消えた。しかも,7,3,6,3
187,会社でトラブルの原因を究明する作業員と、その社員が協力して、2人の男性,7,4,6,0
188,最新のニュース映像やイベント、CMなども放送。2018年8月からは、平日朝7:30 - 8,8,1,6,6
189,最新のニュース映像や映像を提供。2019年10月からは、ニュースルームで「Live News Network,8,2,6,6
190,最新のニュース映像や番組が放送されるが、番組本編ではノンスクランブルかつ完全ノンスクランブルで放送される,8,3,6,2
191,最新のニュース映像やライブステージなどのほか、音楽シーンや番組独自のコーナーも多数放送する。2020,8,4,6,2
192,統計的機械学習での分析が応用可能で、より精度の高いデータと統計的モデリングが,1,1,7,6
193,統計的機械学習での誤差は、計算モデルによって測定される。誤差関数formula_13は,1,2,7,7
194,統計的機械学習での標本化の手法は、次のようになる。これは、与えられた条件下で学習,1,3,7,2
195,統計的機械学習での学習には、特定の神経細胞領域がどのように機能するかに関する実験的モデル,1,4,7,4
196,世界中の商品情報を、業界の実情や背景を踏まえて発信し、消費者に新たな可能性を提供するための広報,2,1,7,5
197,世界中の商品情報を発信するために日本を代表するローカル紙「週刊東洋経済」を発行していた。創刊当初から、,2,2,7,7
198,世界中の商品情報をまとめ、それらを雑誌に載せるといった、いわば「パワフル雑誌」となっている,2,3,7,4
199,世界中の商品情報を発信するとともに、各都道府県の情報を提供している。また、各種地域情報を発信するため、全国,2,4,7,1
200,情報流通を促進することを目的としている。全国経済産業団体連合会の傘下に入っている。経済産業省と経済産業省資源エネルギー庁,3,1,7,6
201,情報流通を促進するための新たな政策、例えばインターネット普及の促進のための新たな政策、たとえば、通信技術,3,2,7,5
202,情報流通を促進するために、情報流通業者(情報流通エージェントなど)を育成することを目指している。また,3,3,7,4
203,情報流通を促進するためには、販売流通機構の確立が必要である。その第1段階が流通機構,3,4,7,4
204,私たちの強みは、より人間的(すなわち人間の脳)である」という言葉を引用。,4,1,7,7
205,私たちの強みは他者の強みであった。この強みは相手を「強み,4,2,7,7
206,私たちの強みは、他者の弱みである」と教えていた。この主張は後の,4,3,7,1
207,私たちの強みは、その強さであった」 と表現している。「その能力は、,4,4,7,3
208,チームワークを意識して、練習には4年振り(2021年8月時点)の現役復帰,5,1,7,5
209,チームワークを意識して、練習に打ち込めた。小学校の1年でサッカーを始め、中学からは,5,2,7,7
210,チームワークを意識して作られた。2019年7月23日、本作の主要撮影がシカゴで始まった,5,3,7,1
211,チームワークを意識して、「」という曲が生まれた。『Inner Red』は、「」という,5,4,7,2
212,インターネットの配信に使用しているドメインである。2018年4月現在、ユーザーは50.1%がこの,6,1,7,5
213,インターネットのゲーム『ファイナルファンタジーXII』のシナリオライターを務めた。同作者の漫画『ファイナルファンタジーXII,6,2,7,7
214,インターネットのニュースサイトを介した報道を行える「ニュースサイト ニュースサイト フォーチュン,6,3,7,1
215,インターネットのメディアサイト(YouTube)で1位を獲得した。2019年2月、S.I.,6,4,7,1
216,会社でトラブルの原因を追及していた。しかし、この事故は、ボーイングが事故機について検査,7,1,7,6
217,会社でトラブルの原因を解明した後、アメリカへ渡った。2013年の秋、サメの,7,2,7,7
218,会社でトラブルの原因を尋ねられていた。その調査を進めるうちに、大勢の人間が消えた。しかも,7,3,7,1
219,会社でトラブルの原因を究明する作業員と、その社員が協力して、2人の男性,7,4,7,3
220,最新のニュース映像やイベント、CMなども放送。2018年8月からは、平日朝7:30 - 8,8,1,7,6
221,最新のニュース映像や映像を提供。2019年10月からは、ニュースルームで「Live News Network,8,2,7,6
222,最新のニュース映像や番組が放送されるが、番組本編ではノンスクランブルかつ完全ノンスクランブルで放送される,8,3,7,3
223,最新のニュース映像やライブステージなどのほか、音楽シーンや番組独自のコーナーも多数放送する。2020,8,4,7,2
224,統計的機械学習での分析が応用可能で、より精度の高いデータと統計的モデリングが,1,1,8,7
225,統計的機械学習での誤差は、計算モデルによって測定される。誤差関数formula_13は,1,2,8,7
226,統計的機械学習での標本化の手法は、次のようになる。これは、与えられた条件下で学習,1,3,8,3
227,統計的機械学習での学習には、特定の神経細胞領域がどのように機能するかに関する実験的モデル,1,4,8,2
228,世界中の商品情報を、業界の実情や背景を踏まえて発信し、消費者に新たな可能性を提供するための広報,2,1,8,5
229,世界中の商品情報を発信するために日本を代表するローカル紙「週刊東洋経済」を発行していた。創刊当初から、,2,2,8,5
230,世界中の商品情報をまとめ、それらを雑誌に載せるといった、いわば「パワフル雑誌」となっている,2,3,8,3
231,世界中の商品情報を発信するとともに、各都道府県の情報を提供している。また、各種地域情報を発信するため、全国,2,4,8,
232,情報流通を促進することを目的としている。全国経済産業団体連合会の傘下に入っている。経済産業省と経済産業省資源エネルギー庁,3,1,8,7
233,情報流通を促進するための新たな政策、例えばインターネット普及の促進のための新たな政策、たとえば、通信技術,3,2,8,6
234,情報流通を促進するために、情報流通業者(情報流通エージェントなど)を育成することを目指している。また,3,3,8,3
235,情報流通を促進するためには、販売流通機構の確立が必要である。その第1段階が流通機構,3,4,8,1
236,私たちの強みは、より人間的(すなわち人間の脳)である」という言葉を引用。,4,1,8,5
237,私たちの強みは他者の強みであった。この強みは相手を「強み,4,2,8,5
238,私たちの強みは、他者の弱みである」と教えていた。この主張は後の,4,3,8,1
239,私たちの強みは、その強さであった」 と表現している。「その能力は、,4,4,8,3
240,チームワークを意識して、練習には4年振り(2021年8月時点)の現役復帰,5,1,8,6
241,チームワークを意識して、練習に打ち込めた。小学校の1年でサッカーを始め、中学からは,5,2,8,5
242,チームワークを意識して作られた。2019年7月23日、本作の主要撮影がシカゴで始まった,5,3,8,4
243,チームワークを意識して、「」という曲が生まれた。『Inner Red』は、「」という,5,4,8,4
244,インターネットの配信に使用しているドメインである。2018年4月現在、ユーザーは50.1%がこの,6,1,8,5
245,インターネットのゲーム『ファイナルファンタジーXII』のシナリオライターを務めた。同作者の漫画『ファイナルファンタジーXII,6,2,8,7
246,インターネットのニュースサイトを介した報道を行える「ニュースサイト ニュースサイト フォーチュン,6,3,8,2
247,インターネットのメディアサイト(YouTube)で1位を獲得した。2019年2月、S.I.,6,4,8,2
248,会社でトラブルの原因を追及していた。しかし、この事故は、ボーイングが事故機について検査,7,1,8,7
249,会社でトラブルの原因を解明した後、アメリカへ渡った。2013年の秋、サメの,7,2,8,6
250,会社でトラブルの原因を尋ねられていた。その調査を進めるうちに、大勢の人間が消えた。しかも,7,3,8,2
251,会社でトラブルの原因を究明する作業員と、その社員が協力して、2人の男性,7,4,8,3
252,最新のニュース映像やイベント、CMなども放送。2018年8月からは、平日朝7:30 - 8,8,1,8,7
253,最新のニュース映像や映像を提供。2019年10月からは、ニュースルームで「Live News Network,8,2,8,6
254,最新のニュース映像や番組が放送されるが、番組本編ではノンスクランブルかつ完全ノンスクランブルで放送される,8,3,8,4
255,最新のニュース映像やライブステージなどのほか、音楽シーンや番組独自のコーナーも多数放送する。2020,8,4,8,4
256,統計的機械学習での分析が応用可能で、より精度の高いデータと統計的モデリングが,1,1,9,6
257,統計的機械学習での誤差は、計算モデルによって測定される。誤差関数formula_13は,1,2,9,5
258,統計的機械学習での標本化の手法は、次のようになる。これは、与えられた条件下で学習,1,3,9,3
259,統計的機械学習での学習には、特定の神経細胞領域がどのように機能するかに関する実験的モデル,1,4,9,2
260,世界中の商品情報を、業界の実情や背景を踏まえて発信し、消費者に新たな可能性を提供するための広報,2,1,9,5
261,世界中の商品情報を発信するために日本を代表するローカル紙「週刊東洋経済」を発行していた。創刊当初から、,2,2,9,5
262,世界中の商品情報をまとめ、それらを雑誌に載せるといった、いわば「パワフル雑誌」となっている,2,3,9,1
263,世界中の商品情報を発信するとともに、各都道府県の情報を提供している。また、各種地域情報を発信するため、全国,2,4,9,1
264,情報流通を促進することを目的としている。全国経済産業団体連合会の傘下に入っている。経済産業省と経済産業省資源エネルギー庁,3,1,9,6
265,情報流通を促進するための新たな政策、例えばインターネット普及の促進のための新たな政策、たとえば、通信技術,3,2,9,5
266,情報流通を促進するために、情報流通業者(情報流通エージェントなど)を育成することを目指している。また,3,3,9,3
267,情報流通を促進するためには、販売流通機構の確立が必要である。その第1段階が流通機構,3,4,9,4
268,私たちの強みは、より人間的(すなわち人間の脳)である」という言葉を引用。,4,1,9,5
269,私たちの強みは他者の強みであった。この強みは相手を「強み,4,2,9,7
270,私たちの強みは、他者の弱みである」と教えていた。この主張は後の,4,3,9,3
271,私たちの強みは、その強さであった」 と表現している。「その能力は、,4,4,9,4
272,チームワークを意識して、練習には4年振り(2021年8月時点)の現役復帰,5,1,9,5
273,チームワークを意識して、練習に打ち込めた。小学校の1年でサッカーを始め、中学からは,5,2,9,7
274,チームワークを意識して作られた。2019年7月23日、本作の主要撮影がシカゴで始まった,5,3,9,4
275,チームワークを意識して、「」という曲が生まれた。『Inner Red』は、「」という,5,4,9,2
276,インターネットの配信に使用しているドメインである。2018年4月現在、ユーザーは50.1%がこの,6,1,9,7
277,インターネットのゲーム『ファイナルファンタジーXII』のシナリオライターを務めた。同作者の漫画『ファイナルファンタジーXII,6,2,9,5
278,インターネットのニュースサイトを介した報道を行える「ニュースサイト ニュースサイト フォーチュン,6,3,9,1
279,インターネットのメディアサイト(YouTube)で1位を獲得した。2019年2月、S.I.,6,4,9,1
280,会社でトラブルの原因を追及していた。しかし、この事故は、ボーイングが事故機について検査,7,1,9,6
281,会社でトラブルの原因を解明した後、アメリカへ渡った。2013年の秋、サメの,7,2,9,7
282,会社でトラブルの原因を尋ねられていた。その調査を進めるうちに、大勢の人間が消えた。しかも,7,3,9,2
283,会社でトラブルの原因を究明する作業員と、その社員が協力して、2人の男性,7,4,9,2
284,最新のニュース映像やイベント、CMなども放送。2018年8月からは、平日朝7:30 - 8,8,1,9,7
285,最新のニュース映像や映像を提供。2019年10月からは、ニュースルームで「Live News Network,8,2,9,5
286,最新のニュース映像や番組が放送されるが、番組本編ではノンスクランブルかつ完全ノンスクランブルで放送される,8,3,9,3
287,最新のニュース映像やライブステージなどのほか、音楽シーンや番組独自のコーナーも多数放送する。2020,8,4,9,4
288,統計的機械学習での分析が応用可能で、より精度の高いデータと統計的モデリングが,1,1,10,6
289,統計的機械学習での誤差は、計算モデルによって測定される。誤差関数formula_13は,1,2,10,6
290,統計的機械学習での標本化の手法は、次のようになる。これは、与えられた条件下で学習,1,3,10,4
291,統計的機械学習での学習には、特定の神経細胞領域がどのように機能するかに関する実験的モデル,1,4,10,2
292,世界中の商品情報を、業界の実情や背景を踏まえて発信し、消費者に新たな可能性を提供するための広報,2,1,10,7
293,世界中の商品情報を発信するために日本を代表するローカル紙「週刊東洋経済」を発行していた。創刊当初から、,2,2,10,5
294,世界中の商品情報をまとめ、それらを雑誌に載せるといった、いわば「パワフル雑誌」となっている,2,3,10,4
295,世界中の商品情報を発信するとともに、各都道府県の情報を提供している。また、各種地域情報を発信するため、全国,2,4,10,1
296,情報流通を促進することを目的としている。全国経済産業団体連合会の傘下に入っている。経済産業省と経済産業省資源エネルギー庁,3,1,10,5
297,情報流通を促進するための新たな政策、例えばインターネット普及の促進のための新たな政策、たとえば、通信技術,3,2,10,6
298,情報流通を促進するために、情報流通業者(情報流通エージェントなど)を育成することを目指している。また,3,3,10,3
299,情報流通を促進するためには、販売流通機構の確立が必要である。その第1段階が流通機構,3,4,10,1
300,私たちの強みは、より人間的(すなわち人間の脳)である」という言葉を引用。,4,1,10,7
301,私たちの強みは他者の強みであった。この強みは相手を「強み,4,2,10,5
302,私たちの強みは、他者の弱みである」と教えていた。この主張は後の,4,3,10,2
303,私たちの強みは、その強さであった」 と表現している。「その能力は、,4,4,10,4
304,チームワークを意識して、練習には4年振り(2021年8月時点)の現役復帰,5,1,10,6
305,チームワークを意識して、練習に打ち込めた。小学校の1年でサッカーを始め、中学からは,5,2,10,7
306,チームワークを意識して作られた。2019年7月23日、本作の主要撮影がシカゴで始まった,5,3,10,2
307,チームワークを意識して、「」という曲が生まれた。『Inner Red』は、「」という,5,4,10,1
308,インターネットの配信に使用しているドメインである。2018年4月現在、ユーザーは50.1%がこの,6,1,10,7
309,インターネットのゲーム『ファイナルファンタジーXII』のシナリオライターを務めた。同作者の漫画『ファイナルファンタジーXII,6,2,10,6
310,インターネットのニュースサイトを介した報道を行える「ニュースサイト ニュースサイト フォーチュン,6,3,10,1
311,インターネットのメディアサイト(YouTube)で1位を獲得した。2019年2月、S.I.,6,4,10,4
312,会社でトラブルの原因を追及していた。しかし、この事故は、ボーイングが事故機について検査,7,1,10,5
313,会社でトラブルの原因を解明した後、アメリカへ渡った。2013年の秋、サメの,7,2,10,5
314,会社でトラブルの原因を尋ねられていた。その調査を進めるうちに、大勢の人間が消えた。しかも,7,3,10,1
315,会社でトラブルの原因を究明する作業員と、その社員が協力して、2人の男性,7,4,10,1
316,最新のニュース映像やイベント、CMなども放送。2018年8月からは、平日朝7:30 - 8,8,1,10,6
317,最新のニュース映像や映像を提供。2019年10月からは、ニュースルームで「Live News Network,8,2,10,5
318,最新のニュース映像や番組が放送されるが、番組本編ではノンスクランブルかつ完全ノンスクランブルで放送される,8,3,10,1
319,最新のニュース映像やライブステージなどのほか、音楽シーンや番組独自のコーナーも多数放送する。2020,8,4,10,2
320,統計的機械学習での分析が応用可能で、より精度の高いデータと統計的モデリングが,1,1,11,7
321,統計的機械学習での誤差は、計算モデルによって測定される。誤差関数formula_13は,1,2,11,7
322,統計的機械学習での標本化の手法は、次のようになる。これは、与えられた条件下で学習,1,3,11,4
323,統計的機械学習での学習には、特定の神経細胞領域がどのように機能するかに関する実験的モデル,1,4,11,1
324,世界中の商品情報を、業界の実情や背景を踏まえて発信し、消費者に新たな可能性を提供するための広報,2,1,11,6
325,世界中の商品情報を発信するために日本を代表するローカル紙「週刊東洋経済」を発行していた。創刊当初から、,2,2,11,6
326,世界中の商品情報をまとめ、それらを雑誌に載せるといった、いわば「パワフル雑誌」となっている,2,3,11,2
327,世界中の商品情報を発信するとともに、各都道府県の情報を提供している。また、各種地域情報を発信するため、全国,2,4,11,3
328,情報流通を促進することを目的としている。全国経済産業団体連合会の傘下に入っている。経済産業省と経済産業省資源エネルギー庁,3,1,11,5
329,情報流通を促進するための新たな政策、例えばインターネット普及の促進のための新たな政策、たとえば、通信技術,3,2,11,7
330,情報流通を促進するために、情報流通業者(情報流通エージェントなど)を育成することを目指している。また,3,3,11,3
331,情報流通を促進するためには、販売流通機構の確立が必要である。その第1段階が流通機構,3,4,11,3
332,私たちの強みは、より人間的(すなわち人間の脳)である」という言葉を引用。,4,1,11,6
333,私たちの強みは他者の強みであった。この強みは相手を「強み,4,2,11,7
334,私たちの強みは、他者の弱みである」と教えていた。この主張は後の,4,3,11,3
335,私たちの強みは、その強さであった」 と表現している。「その能力は、,4,4,11,1
336,チームワークを意識して、練習には4年振り(2021年8月時点)の現役復帰,5,1,11,5
337,チームワークを意識して、練習に打ち込めた。小学校の1年でサッカーを始め、中学からは,5,2,11,7
338,チームワークを意識して作られた。2019年7月23日、本作の主要撮影がシカゴで始まった,5,3,11,1
339,チームワークを意識して、「」という曲が生まれた。『Inner Red』は、「」という,5,4,11,4
340,インターネットの配信に使用しているドメインである。2018年4月現在、ユーザーは50.1%がこの,6,1,11,5
341,インターネットのゲーム『ファイナルファンタジーXII』のシナリオライターを務めた。同作者の漫画『ファイナルファンタジーXII,6,2,11,5
342,インターネットのニュースサイトを介した報道を行える「ニュースサイト ニュースサイト フォーチュン,6,3,11,1
343,インターネットのメディアサイト(YouTube)で1位を獲得した。2019年2月、S.I.,6,4,11,3
344,会社でトラブルの原因を追及していた。しかし、この事故は、ボーイングが事故機について検査,7,1,11,7
345,会社でトラブルの原因を解明した後、アメリカへ渡った。2013年の秋、サメの,7,2,11,6
346,会社でトラブルの原因を尋ねられていた。その調査を進めるうちに、大勢の人間が消えた。しかも,7,3,11,4
347,会社でトラブルの原因を究明する作業員と、その社員が協力して、2人の男性,7,4,11,3
348,最新のニュース映像やイベント、CMなども放送。2018年8月からは、平日朝7:30 - 8,8,1,11,6
349,最新のニュース映像や映像を提供。2019年10月からは、ニュースルームで「Live News Network,8,2,11,5
350,最新のニュース映像や番組が放送されるが、番組本編ではノンスクランブルかつ完全ノンスクランブルで放送される,8,3,11,4
351,最新のニュース映像やライブステージなどのほか、音楽シーンや番組独自のコーナーも多数放送する。2020,8,4,11,1
352,統計的機械学習での分析が応用可能で、より精度の高いデータと統計的モデリングが,1,1,12,7
353,統計的機械学習での誤差は、計算モデルによって測定される。誤差関数formula_13は,1,2,12,6
354,統計的機械学習での標本化の手法は、次のようになる。これは、与えられた条件下で学習,1,3,12,4
355,統計的機械学習での学習には、特定の神経細胞領域がどのように機能するかに関する実験的モデル,1,4,12,3
356,世界中の商品情報を、業界の実情や背景を踏まえて発信し、消費者に新たな可能性を提供するための広報,2,1,12,5
357,世界中の商品情報を発信するために日本を代表するローカル紙「週刊東洋経済」を発行していた。創刊当初から、,2,2,12,6
358,世界中の商品情報をまとめ、それらを雑誌に載せるといった、いわば「パワフル雑誌」となっている,2,3,12,3
359,世界中の商品情報を発信するとともに、各都道府県の情報を提供している。また、各種地域情報を発信するため、全国,2,4,12,2
360,情報流通を促進することを目的としている。全国経済産業団体連合会の傘下に入っている。経済産業省と経済産業省資源エネルギー庁,3,1,12,7
361,情報流通を促進するための新たな政策、例えばインターネット普及の促進のための新たな政策、たとえば、通信技術,3,2,12,6
362,情報流通を促進するために、情報流通業者(情報流通エージェントなど)を育成することを目指している。また,3,3,12,1
363,情報流通を促進するためには、販売流通機構の確立が必要である。その第1段階が流通機構,3,4,12,1
364,私たちの強みは、より人間的(すなわち人間の脳)である」という言葉を引用。,4,1,12,6
365,私たちの強みは他者の強みであった。この強みは相手を「強み,4,2,12,5
366,私たちの強みは、他者の弱みである」と教えていた。この主張は後の,4,3,12,2
367,私たちの強みは、その強さであった」 と表現している。「その能力は、,4,4,12,4
368,チームワークを意識して、練習には4年振り(2021年8月時点)の現役復帰,5,1,12,6
369,チームワークを意識して、練習に打ち込めた。小学校の1年でサッカーを始め、中学からは,5,2,12,7
370,チームワークを意識して作られた。2019年7月23日、本作の主要撮影がシカゴで始まった,5,3,12,3
371,チームワークを意識して、「」という曲が生まれた。『Inner Red』は、「」という,5,4,12,4
372,インターネットの配信に使用しているドメインである。2018年4月現在、ユーザーは50.1%がこの,6,1,12,6
373,インターネットのゲーム『ファイナルファンタジーXII』のシナリオライターを務めた。同作者の漫画『ファイナルファンタジーXII,6,2,12,6
374,インターネットのニュースサイトを介した報道を行える「ニュースサイト ニュースサイト フォーチュン,6,3,12,4
375,インターネットのメディアサイト(YouTube)で1位を獲得した。2019年2月、S.I.,6,4,12,2
376,会社でトラブルの原因を追及していた。しかし、この事故は、ボーイングが事故機について検査,7,1,12,108
377,会社でトラブルの原因を解明した後、アメリカへ渡った。2013年の秋、サメの,7,2,12,7
378,会社でトラブルの原因を尋ねられていた。その調査を進めるうちに、大勢の人間が消えた。しかも,7,3,12,2
379,会社でトラブルの原因を究明する作業員と、その社員が協力して、2人の男性,7,4,12,4
380,最新のニュース映像やイベント、CMなども放送。2018年8月からは、平日朝7:30 - 8,8,1,12,7
381,最新のニュース映像や映像を提供。2019年10月からは、ニュースルームで「Live News Network,8,2,12,6
382,最新のニュース映像や番組が放送されるが、番組本編ではノンスクランブルかつ完全ノンスクランブルで放送される,8,3,12,3
383,最新のニュース映像やライブステージなどのほか、音楽シーンや番組独自のコーナーも多数放送する。2020,8,4,12,2
384,統計的機械学習での分析が応用可能で、より精度の高いデータと統計的モデリングが,1,1,13,7
385,統計的機械学習での誤差は、計算モデルによって測定される。誤差関数formula_13は,1,2,13,7
386,統計的機械学習での標本化の手法は、次のようになる。これは、与えられた条件下で学習,1,3,13,4
387,統計的機械学習での学習には、特定の神経細胞領域がどのように機能するかに関する実験的モデル,1,4,13,3
388,世界中の商品情報を、業界の実情や背景を踏まえて発信し、消費者に新たな可能性を提供するための広報,2,1,13,7
389,世界中の商品情報を発信するために日本を代表するローカル紙「週刊東洋経済」を発行していた。創刊当初から、,2,2,13,6
390,世界中の商品情報をまとめ、それらを雑誌に載せるといった、いわば「パワフル雑誌」となっている,2,3,13,4
391,世界中の商品情報を発信するとともに、各都道府県の情報を提供している。また、各種地域情報を発信するため、全国,2,4,13,4
392,情報流通を促進することを目的としている。全国経済産業団体連合会の傘下に入っている。経済産業省と経済産業省資源エネルギー庁,3,1,13,6
393,情報流通を促進するための新たな政策、例えばインターネット普及の促進のための新たな政策、たとえば、通信技術,3,2,13,6
394,情報流通を促進するために、情報流通業者(情報流通エージェントなど)を育成することを目指している。また,3,3,13,4
395,情報流通を促進するためには、販売流通機構の確立が必要である。その第1段階が流通機構,3,4,13,4
396,私たちの強みは、より人間的(すなわち人間の脳)である」という言葉を引用。,4,1,13,7
397,私たちの強みは他者の強みであった。この強みは相手を「強み,4,2,13,6
398,私たちの強みは、他者の弱みである」と教えていた。この主張は後の,4,3,13,4
399,私たちの強みは、その強さであった」 と表現している。「その能力は、,4,4,13,2
400,チームワークを意識して、練習には4年振り(2021年8月時点)の現役復帰,5,1,13,5
401,チームワークを意識して、練習に打ち込めた。小学校の1年でサッカーを始め、中学からは,5,2,13,6
402,チームワークを意識して作られた。2019年7月23日、本作の主要撮影がシカゴで始まった,5,3,13,4
403,チームワークを意識して、「」という曲が生まれた。『Inner Red』は、「」という,5,4,13,2
404,インターネットの配信に使用しているドメインである。2018年4月現在、ユーザーは50.1%がこの,6,1,13,6
405,インターネットのゲーム『ファイナルファンタジーXII』のシナリオライターを務めた。同作者の漫画『ファイナルファンタジーXII,6,2,13,7
406,インターネットのニュースサイトを介した報道を行える「ニュースサイト ニュースサイト フォーチュン,6,3,13,4
407,インターネットのメディアサイト(YouTube)で1位を獲得した。2019年2月、S.I.,6,4,13,4
408,会社でトラブルの原因を追及していた。しかし、この事故は、ボーイングが事故機について検査,7,1,13,7
409,会社でトラブルの原因を解明した後、アメリカへ渡った。2013年の秋、サメの,7,2,13,5
410,会社でトラブルの原因を尋ねられていた。その調査を進めるうちに、大勢の人間が消えた。しかも,7,3,13,3
411,会社でトラブルの原因を究明する作業員と、その社員が協力して、2人の男性,7,4,13,1
412,最新のニュース映像やイベント、CMなども放送。2018年8月からは、平日朝7:30 - 8,8,1,13,6
413,最新のニュース映像や映像を提供。2019年10月からは、ニュースルームで「Live News Network,8,2,13,6
414,最新のニュース映像や番組が放送されるが、番組本編ではノンスクランブルかつ完全ノンスクランブルで放送される,8,3,13,2
415,最新のニュース映像やライブステージなどのほか、音楽シーンや番組独自のコーナーも多数放送する。2020,8,4,13,3
416,統計的機械学習での分析が応用可能で、より精度の高いデータと統計的モデリングが,1,1,14,5
417,統計的機械学習での誤差は、計算モデルによって測定される。誤差関数formula_13は,1,2,14,6
418,統計的機械学習での標本化の手法は、次のようになる。これは、与えられた条件下で学習,1,3,14,2
419,統計的機械学習での学習には、特定の神経細胞領域がどのように機能するかに関する実験的モデル,1,4,14,3
420,世界中の商品情報を、業界の実情や背景を踏まえて発信し、消費者に新たな可能性を提供するための広報,2,1,14,7
421,世界中の商品情報を発信するために日本を代表するローカル紙「週刊東洋経済」を発行していた。創刊当初から、,2,2,14,7
422,世界中の商品情報をまとめ、それらを雑誌に載せるといった、いわば「パワフル雑誌」となっている,2,3,14,2
423,世界中の商品情報を発信するとともに、各都道府県の情報を提供している。また、各種地域情報を発信するため、全国,2,4,14,2
424,情報流通を促進することを目的としている。全国経済産業団体連合会の傘下に入っている。経済産業省と経済産業省資源エネルギー庁,3,1,14,6
425,情報流通を促進するための新たな政策、例えばインターネット普及の促進のための新たな政策、たとえば、通信技術,3,2,14,7
426,情報流通を促進するために、情報流通業者(情報流通エージェントなど)を育成することを目指している。また,3,3,14,3
427,情報流通を促進するためには、販売流通機構の確立が必要である。その第1段階が流通機構,3,4,14,2
428,私たちの強みは、より人間的(すなわち人間の脳)である」という言葉を引用。,4,1,14,7
429,私たちの強みは他者の強みであった。この強みは相手を「強み,4,2,14,7
430,私たちの強みは、他者の弱みである」と教えていた。この主張は後の,4,3,14,3
431,私たちの強みは、その強さであった」 と表現している。「その能力は、,4,4,14,1
432,チームワークを意識して、練習には4年振り(2021年8月時点)の現役復帰,5,1,14,5
433,チームワークを意識して、練習に打ち込めた。小学校の1年でサッカーを始め、中学からは,5,2,14,7
434,チームワークを意識して作られた。2019年7月23日、本作の主要撮影がシカゴで始まった,5,3,14,1
435,チームワークを意識して、「」という曲が生まれた。『Inner Red』は、「」という,5,4,14,1
436,インターネットの配信に使用しているドメインである。2018年4月現在、ユーザーは50.1%がこの,6,1,14,7
437,インターネットのゲーム『ファイナルファンタジーXII』のシナリオライターを務めた。同作者の漫画『ファイナルファンタジーXII,6,2,14,5
438,インターネットのニュースサイトを介した報道を行える「ニュースサイト ニュースサイト フォーチュン,6,3,14,3
439,インターネットのメディアサイト(YouTube)で1位を獲得した。2019年2月、S.I.,6,4,14,1
440,会社でトラブルの原因を追及していた。しかし、この事故は、ボーイングが事故機について検査,7,1,14,7
441,会社でトラブルの原因を解明した後、アメリカへ渡った。2013年の秋、サメの,7,2,14,6
442,会社でトラブルの原因を尋ねられていた。その調査を進めるうちに、大勢の人間が消えた。しかも,7,3,14,3
443,会社でトラブルの原因を究明する作業員と、その社員が協力して、2人の男性,7,4,14,2
444,最新のニュース映像やイベント、CMなども放送。2018年8月からは、平日朝7:30 - 8,8,1,14,6
445,最新のニュース映像や映像を提供。2019年10月からは、ニュースルームで「Live News Network,8,2,14,7
446,最新のニュース映像や番組が放送されるが、番組本編ではノンスクランブルかつ完全ノンスクランブルで放送される,8,3,14,3
447,最新のニュース映像やライブステージなどのほか、音楽シーンや番組独自のコーナーも多数放送する。2020,8,4,14,3
448,統計的機械学習での分析が応用可能で、より精度の高いデータと統計的モデリングが,1,1,15,5
449,統計的機械学習での誤差は、計算モデルによって測定される。誤差関数formula_13は,1,2,15,5
450,統計的機械学習での標本化の手法は、次のようになる。これは、与えられた条件下で学習,1,3,15,4
451,統計的機械学習での学習には、特定の神経細胞領域がどのように機能するかに関する実験的モデル,1,4,15,3
452,世界中の商品情報を、業界の実情や背景を踏まえて発信し、消費者に新たな可能性を提供するための広報,2,1,15,7
453,世界中の商品情報を発信するために日本を代表するローカル紙「週刊東洋経済」を発行していた。創刊当初から、,2,2,15,
454,世界中の商品情報をまとめ、それらを雑誌に載せるといった、いわば「パワフル雑誌」となっている,2,3,15,4
455,世界中の商品情報を発信するとともに、各都道府県の情報を提供している。また、各種地域情報を発信するため、全国,2,4,15,3
456,情報流通を促進することを目的としている。全国経済産業団体連合会の傘下に入っている。経済産業省と経済産業省資源エネルギー庁,3,1,15,5
457,情報流通を促進するための新たな政策、例えばインターネット普及の促進のための新たな政策、たとえば、通信技術,3,2,15,6
458,情報流通を促進するために、情報流通業者(情報流通エージェントなど)を育成することを目指している。また,3,3,15,2
459,情報流通を促進するためには、販売流通機構の確立が必要である。その第1段階が流通機構,3,4,15,1
460,私たちの強みは、より人間的(すなわち人間の脳)である」という言葉を引用。,4,1,15,7
461,私たちの強みは他者の強みであった。この強みは相手を「強み,4,2,15,7
462,私たちの強みは、他者の弱みである」と教えていた。この主張は後の,4,3,15,2
463,私たちの強みは、その強さであった」 と表現している。「その能力は、,4,4,15,2
464,チームワークを意識して、練習には4年振り(2021年8月時点)の現役復帰,5,1,15,6
465,チームワークを意識して、練習に打ち込めた。小学校の1年でサッカーを始め、中学からは,5,2,15,6
466,チームワークを意識して作られた。2019年7月23日、本作の主要撮影がシカゴで始まった,5,3,15,3
467,チームワークを意識して、「」という曲が生まれた。『Inner Red』は、「」という,5,4,15,4
468,インターネットの配信に使用しているドメインである。2018年4月現在、ユーザーは50.1%がこの,6,1,15,5
469,インターネットのゲーム『ファイナルファンタジーXII』のシナリオライターを務めた。同作者の漫画『ファイナルファンタジーXII,6,2,15,5
470,インターネットのニュースサイトを介した報道を行える「ニュースサイト ニュースサイト フォーチュン,6,3,15,1
471,インターネットのメディアサイト(YouTube)で1位を獲得した。2019年2月、S.I.,6,4,15,1
472,会社でトラブルの原因を追及していた。しかし、この事故は、ボーイングが事故機について検査,7,1,15,6
473,会社でトラブルの原因を解明した後、アメリカへ渡った。2013年の秋、サメの,7,2,15,5
474,会社でトラブルの原因を尋ねられていた。その調査を進めるうちに、大勢の人間が消えた。しかも,7,3,15,3
475,会社でトラブルの原因を究明する作業員と、その社員が協力して、2人の男性,7,4,15,4
476,最新のニュース映像やイベント、CMなども放送。2018年8月からは、平日朝7:30 - 8,8,1,15,7
477,最新のニュース映像や映像を提供。2019年10月からは、ニュースルームで「Live News Network,8,2,15,7
478,最新のニュース映像や番組が放送されるが、番組本編ではノンスクランブルかつ完全ノンスクランブルで放送される,8,3,15,3
479,最新のニュース映像やライブステージなどのほか、音楽シーンや番組独自のコーナーも多数放送する。2020,8,4,15,3
480,統計的機械学習での分析が応用可能で、より精度の高いデータと統計的モデリングが,1,1,16,5
481,統計的機械学習での誤差は、計算モデルによって測定される。誤差関数formula_13は,1,2,16,5
482,統計的機械学習での標本化の手法は、次のようになる。これは、与えられた条件下で学習,1,3,16,1
483,統計的機械学習での学習には、特定の神経細胞領域がどのように機能するかに関する実験的モデル,1,4,16,3
484,世界中の商品情報を、業界の実情や背景を踏まえて発信し、消費者に新たな可能性を提供するための広報,2,1,16,6
485,世界中の商品情報を発信するために日本を代表するローカル紙「週刊東洋経済」を発行していた。創刊当初から、,2,2,16,6
486,世界中の商品情報をまとめ、それらを雑誌に載せるといった、いわば「パワフル雑誌」となっている,2,3,16,2
487,世界中の商品情報を発信するとともに、各都道府県の情報を提供している。また、各種地域情報を発信するため、全国,2,4,16,3
488,情報流通を促進することを目的としている。全国経済産業団体連合会の傘下に入っている。経済産業省と経済産業省資源エネルギー庁,3,1,16,7
489,情報流通を促進するための新たな政策、例えばインターネット普及の促進のための新たな政策、たとえば、通信技術,3,2,16,7
490,情報流通を促進するために、情報流通業者(情報流通エージェントなど)を育成することを目指している。また,3,3,16,1
491,情報流通を促進するためには、販売流通機構の確立が必要である。その第1段階が流通機構,3,4,16,2
492,私たちの強みは、より人間的(すなわち人間の脳)である」という言葉を引用。,4,1,16,5
493,私たちの強みは他者の強みであった。この強みは相手を「強み,4,2,16,6
494,私たちの強みは、他者の弱みである」と教えていた。この主張は後の,4,3,16,1
495,私たちの強みは、その強さであった」 と表現している。「その能力は、,4,4,16,2
496,チームワークを意識して、練習には4年振り(2021年8月時点)の現役復帰,5,1,16,5
497,チームワークを意識して、練習に打ち込めた。小学校の1年でサッカーを始め、中学からは,5,2,16,5
498,チームワークを意識して作られた。2019年7月23日、本作の主要撮影がシカゴで始まった,5,3,16,3
499,チームワークを意識して、「」という曲が生まれた。『Inner Red』は、「」という,5,4,16,2
500,インターネットの配信に使用しているドメインである。2018年4月現在、ユーザーは50.1%がこの,6,1,16,7
501,インターネットのゲーム『ファイナルファンタジーXII』のシナリオライターを務めた。同作者の漫画『ファイナルファンタジーXII,6,2,16,7
502,インターネットのニュースサイトを介した報道を行える「ニュースサイト ニュースサイト フォーチュン,6,3,16,4
503,インターネットのメディアサイト(YouTube)で1位を獲得した。2019年2月、S.I.,6,4,16,3
504,会社でトラブルの原因を追及していた。しかし、この事故は、ボーイングが事故機について検査,7,1,16,6
505,会社でトラブルの原因を解明した後、アメリカへ渡った。2013年の秋、サメの,7,2,16,5
506,会社でトラブルの原因を尋ねられていた。その調査を進めるうちに、大勢の人間が消えた。しかも,7,3,16,2
507,会社でトラブルの原因を究明する作業員と、その社員が協力して、2人の男性,7,4,16,1
508,最新のニュース映像やイベント、CMなども放送。2018年8月からは、平日朝7:30 - 8,8,1,16,7
509,最新のニュース映像や映像を提供。2019年10月からは、ニュースルームで「Live News Network,8,2,16,6
510,最新のニュース映像や番組が放送されるが、番組本編ではノンスクランブルかつ完全ノンスクランブルで放送される,8,3,16,2
511,最新のニュース映像やライブステージなどのほか、音楽シーンや番組独自のコーナーも多数放送する。2020,8,4,16,3